{"train_loss": [0.6356760937128951, 0.4681927711470009, 0.3685448085743128, 0.3092076251777207, 0.24274383562705298, 0.1914276887786276, 0.14026799262160805, 0.07702036456790064, 0.050937706732532395, 0.03474944360854202, 0.018634824972427695, 0.013319237047464027, 0.009399038386808672, 0.006053116655354481, 0.004089703751531319], "val_loss": [0.5795799228780775, 0.44256787292359323, 0.43279024112758174, 0.40026435220232603, 0.40479190881981436, 0.4422587586078205, 0.49914122794115057, 0.6426165163904526, 0.6992709901697131, 0.8280335055586396, 0.8500582970181356, 0.9366428632681356, 1.0536687891910779, 1.0586285870741177, 1.1646631045560891], "train_acc": [0.6063371039310043, 0.77170176863946, 0.8343228548215736, 0.8662583588525717, 0.9049434410349353, 0.9265045934629086, 0.9505655896506469, 0.9748765702143616, 0.9845009686894569, 0.9907505780888695, 0.9959377538903819, 0.9976876445222174, 0.998000124992188, 0.9987500781201175, 0.9994375351540529], "val_acc": [0.7271817954488622, 0.7686921730432608, 0.7946986746686672, 0.8332083020755189, 0.8177044261065266, 0.8349587396849212, 0.8387096774193549, 0.8342085521380345, 0.838209552388097, 0.8367091772943236, 0.838209552388097, 0.8384596149037259, 0.8324581145286322, 0.8374593648412103, 0.8379594898724682]}